1,FalconSat,https://images2.imgbox.com/40/e3/GypSkayF_o.png
2,DemoSat,https://images2.imgbox.com/be/e7/iNqsqVYM_o.png
3,Trailblazer,https://images2.imgbox.com/4b/bd/d8UxLh4q_o.png
4,RatSat,https://images2.imgbox.com/e0/a7/FNjvKlXW_o.png
5,RazakSat,https://images2.imgbox.com/8d/fc/0qdZMWWx_o.png
6,Falcon 9 Test Flight,https://images2.imgbox.com/d6/12/yxne8mMD_o.png
7,COTS 1,https://images2.imgbox.com/00/2f/FhtEd0nB_o.png
8,COTS 2,https://images2.imgbox.com/2b/8e/MYyHbnd2_o.png
9,CRS-1,https://images2.imgbox.com/52/09/eNvilptL_o.png
10,CRS-2,https://images2.imgbox.com/ef/39/FyZRYeOh_o.png
11,CASSIOPE,https://images2.imgbox.com/89/bc/JcbcvuBI_o.png
12,SES-8,https://images2.imgbox.com/b5/1d/46Eo0yuu_o.png
13,Thaicom 6,https://images2.imgbox.com/37/c4/jRAk115c_o.png
14,CRS-3,https://images2.imgbox.com/ff/81/EOWojaSj_o.png
15,OG-2 Mission 1,https://images2.imgbox.com/4d/ed/CHXoRaSP_o.png
16,AsiaSat 8,https://images2.imgbox.com/5a/ab/8IzvDOzc_o.png
17,AsiaSat 6,https://images2.imgbox.com/57/6a/upI6gwfq_o.png
18,CRS-4,https://images2.imgbox.com/0d/e8/tfdeNslS_o.png
19,CRS-5,https://images2.imgbox.com/fe/5a/WyQS4MXa_o.png
20,DSCOVR,https://images2.imgbox.com/ec/a0/kTPQRyzt_o.png
21,ABS-3A / Eutelsat 115W B,https://images2.imgbox.com/78/82/H9gthFmK_o.png
22,CRS-6,https://images2.imgbox.com/e4/9f/GRP89UBo_o.png
23,TürkmenÄlem 52°E / MonacoSAT,https://images2.imgbox.com/7a/99/RLkM4sNw_o.png
24,CRS-7,https://images2.imgbox.com/47/39/stH98Qy1_o.png
25,OG-2 Mission 2,https://images2.imgbox.com/65/a5/8iNE9T6Y_o.png
26,Jason 3,https://images2.imgbox.com/71/59/j489OwAI_o.png
27,SES-9,https://images2.imgbox.com/f6/aa/xDtGo0WJ_o.png
28,CRS-8,https://images2.imgbox.com/1b/f0/tyNDMK5j_o.png
29,JCSAT-2B,https://images2.imgbox.com/84/40/ddJiuhNV_o.png
30,Thaicom 8,https://images2.imgbox.com/b7/ec/5kukvU10_o.png
31,ABS-2A / Eutelsat 117W B,https://images2.imgbox.com/07/79/4ajR03l9_o.png
32,CRS-9,https://images2.imgbox.com/7c/07/rs4MS4HU_o.png
33,JCSAT-16,https://images2.imgbox.com/74/fc/KiaMQgym_o.png
34,Amos-6,https://images2.imgbox.com/eb/28/cg2hkitx_o.png
35,Iridium NEXT Mission 1,https://images2.imgbox.com/ab/b8/USCniUHy_o.png
36,CRS-10,https://images2.imgbox.com/02/52/hp8DpyGM_o.png
37,EchoStar 23,https://images2.imgbox.com/47/c2/mmiTCLkJ_o.png
38,SES-10,https://images2.imgbox.com/d1/f6/9q2edz2p_o.png
39,NROL-76,https://images2.imgbox.com/8e/6e/dM1L8DMs_o.png
40,Inmarsat-5 F4,https://images2.imgbox.com/76/0b/bJD0zV02_o.png
41,CRS-11,https://images2.imgbox.com/4b/88/4irzX449_o.png
42,BulgariaSat-1,https://images2.imgbox.com/3b/6c/d5ulGpoh_o.png
43,Iridium NEXT Mission 2,https://images2.imgbox.com/3f/f0/7zaluW42_o.png
44,Intelsat 35e,https://images2.imgbox.com/94/85/7GzzSMBu_o.png
45,CRS-12,https://images2.imgbox.com/95/31/PhgU9kf9_o.png
46,FormoSat-5,https://images2.imgbox.com/a7/2a/s41i5C9t_o.png
47,Boeing X-37B OTV-5,https://images2.imgbox.com/7e/ad/Q6iDgXq2_o.png
48,Iridium NEXT Mission 3,https://images2.imgbox.com/16/0c/P2REhX5k_o.png
49,SES-11 / Echostar 105,https://images2.imgbox.com/75/43/F11jelFx_o.png
50,KoreaSat 5A,https://images2.imgbox.com/69/f5/04lBXd2F_o.png
51,CRS-13,https://images2.imgbox.com/1b/30/oP1DBQ6b_o.png
52,Iridium NEXT Mission 4,https://images2.imgbox.com/ee/c2/x8q8XiTg_o.png
53,ZUMA,https://images2.imgbox.com/26/99/ppTFXiLw_o.png
54,SES-16 / GovSat-1,https://images2.imgbox.com/42/0a/LAupFe3L_o.png
55,Falcon Heavy Test Flight,https://images2.imgbox.com/33/1a/ujrnfkna_o.png
56,Paz / Starlink Demo,https://images2.imgbox.com/f1/b8/HAXSg9rr_o.png
57,Hispasat 30W-6,https://images2.imgbox.com/86/73/dycVqz0C_o.png
58,Iridium NEXT Mission 5,https://images2.imgbox.com/6e/32/3hj6BIWx_o.png
59,CRS-14,https://images2.imgbox.com/4c/3a/VGGRo5PT_o.png
60,TESS,https://images2.imgbox.com/7d/2c/pYXpOVCz_o.png
61,Bangabandhu-1,https://images2.imgbox.com/df/cf/wlysigUT_o.png
62,Iridium NEXT Mission 6,https://images2.imgbox.com/3d/f9/IHjBUE1f_o.png
63,SES-12,https://images2.imgbox.com/44/ba/fvMeODet_o.png
64,CRS-15,https://images2.imgbox.com/43/35/0QW7yRsB_o.png
65,Telstar 19V,https://images2.imgbox.com/c5/53/5jklZkPz_o.png
66,Iridium NEXT Mission 7,https://images2.imgbox.com/90/b5/fS6LMNGd_o.png
67,Merah Putih,https://images2.imgbox.com/a8/f5/ZgdsrbqW_o.png
68,Telstar 18V,https://images2.imgbox.com/ba/db/3plcm5IB_o.png
69,SAOCOM 1A,https://images2.imgbox.com/66/d2/oVB1ofaZ_o.png
70,Es’hail 2,https://images2.imgbox.com/59/c8/HPYpMlux_o.png
71,SSO-A,https://images2.imgbox.com/c3/88/YprVKOBk_o.png
72,CRS-16,https://images2.imgbox.com/b6/15/tLQrmwcl_o.png
73,GPS III SV01,https://images2.imgbox.com/e1/cb/cvLgCm0d_o.png
74,Iridium NEXT Mission 8,https://images2.imgbox.com/80/ae/1JL1ZzXD_o.png
75,Nusantara Satu (PSN-6) / S5 / Beresheet,https://images2.imgbox.com/1c/8e/rJ4HAYkk_o.png
76,CCtCap Demo Mission 1,https://images2.imgbox.com/e6/a4/YKd36su1_o.png
77,ArabSat 6A,https://images2.imgbox.com/82/e3/RzQ9nX2V_o.png
78,CRS-17,https://images2.imgbox.com/12/47/6uim8L1a_o.png
79,Starlink v0.9,https://images2.imgbox.com/75/9d/jIMV5w8x_o.png
80,RADARSAT Constellation,https://images2.imgbox.com/c3/06/2irK3PGj_o.png
81,STP-2,https://images2.imgbox.com/18/17/gCjLjHbl_o.png
82,CRS-18,https://images2.imgbox.com/08/a2/bPpNeIRJ_o.png
83,Amos-17,https://images2.imgbox.com/a0/ab/XUoByiuR_o.png
84,Starlink 1,https://images2.imgbox.com/d2/3b/bQaWiil0_o.png
85,CRS-19,https://images2.imgbox.com/1f/40/3mc9OSdH_o.png
86,JCSat 18 / Kacific 1,https://images2.imgbox.com/49/eb/evB1Wi95_o.png
87,Starlink 2,https://images2.imgbox.com/d2/3b/bQaWiil0_o.png
88,Crew Dragon In Flight Abort Test,https://images2.imgbox.com/9d/04/DNXjbXDY_o.png
89,Starlink 3,https://images2.imgbox.com/d2/3b/bQaWiil0_o.png
90,Starlink 4,https://images2.imgbox.com/d2/3b/bQaWiil0_o.png
91,CRS-20,https://images2.imgbox.com/15/2b/NAcsTEB6_o.png
92,Starlink 5,https://images2.imgbox.com/d2/3b/bQaWiil0_o.png
93,Starlink 6,https://images2.imgbox.com/d2/3b/bQaWiil0_o.png
94,CCtCap Demo Mission 2,https://images2.imgbox.com/ab/79/Wyc9K7fv_o.png
95,Starlink 7,https://images2.imgbox.com/d2/3b/bQaWiil0_o.png
96,Starlink-8 & SkySat 16-18,https://images2.imgbox.com/d2/3b/bQaWiil0_o.png
97,GPS III SV03 (Columbus),https://images2.imgbox.com/5f/63/UmHyB3Y6_o.png
98,ANASIS-II,https://images2.imgbox.com/ad/77/CDzoMWTH_o.png
99,Starlink-9 (v1.0) & BlackSky Global 5-6,https://images2.imgbox.com/d2/3b/bQaWiil0_o.png
100,Starlink-10 (v1.0) & SkySat 19-21,https://images2.imgbox.com/d2/3b/bQaWiil0_o.png
101,"SAOCOM 1B, GNOMES-1, Tyvak-0172",https://images2.imgbox.com/43/33/36WPntCu_o.png
102,Starlink-11 (v1.0),https://images2.imgbox.com/d2/3b/bQaWiil0_o.png
103,Starlink-12 (v1.0),https://images2.imgbox.com/d2/3b/bQaWiil0_o.png
104,Starlink-13 (v1.0),https://images2.imgbox.com/d2/3b/bQaWiil0_o.png
105,Starlink-14 (v1.0),https://images2.imgbox.com/d2/3b/bQaWiil0_o.png
106,GPS III SV04 (Sacagawea),https://i.imgur.com/Ehe9AgY.png
107,Crew-1,https://i.imgur.com/t5R4BAQ.png
108,Sentinel-6 Michael Freilich,
109,Starlink-15 (v1.0),https://images2.imgbox.com/d2/3b/bQaWiil0_o.png
110,CRS-21,https://imgur.com/E7fjUBD.png
110,SXM-7,
